Date,Adj Close,daily_return
2017-01-03,205.5090789794922,
2017-01-04,206.7317352294922,0.0059494026058186655
2017-01-05,206.5674743652344,-0.0007945604678228912
2017-01-06,207.3065185546875,0.003577737452249652
2017-01-09,206.6221923828125,-0.0033010354746489945
2017-01-10,206.6221923828125,0.0
2017-01-11,207.20616149902344,0.002826265220964297
2017-01-12,206.6861114501953,-0.002509819423639925
2017-01-13,207.1605224609375,0.0022953211873479873
2017-01-17,206.4306182861328,-0.003523374850255667
2017-01-18,206.8868408203125,0.0022100526461017456
2017-01-19,206.1204071044922,-0.0037046035058652116
2017-01-20,206.8777008056641,0.003674035539760867
2017-01-23,206.33937072753903,-0.002602165801478762
2017-01-24,207.662353515625,0.006411683739371732
2017-01-25,209.45977783203125,0.00865551355831573
2017-01-26,209.24082946777344,-0.0010453002792421007
2017-01-27,208.91232299804688,-0.001569992197804626
2017-01-30,207.61669921875,-0.006201758521008793
2017-01-31,207.5984649658203,-8.782652358074738e-05
2017-02-01,207.6805725097656,0.00039551132499360264
2017-02-02,207.8174743652344,0.0006591943281664125
2017-02-03,209.2499542236328,0.00689297116507559
2017-02-06,208.8758544921875,-0.0017878127277652922
2017-02-07,208.885009765625,4.383117167727768e-05
2017-02-08,209.15872192382807,0.0013103484951371147
2017-02-09,210.3995361328125,0.005932404814733561
2017-02-10,211.22984313964844,0.003946334778570204
2017-02-13,212.37950134277344,0.005442688334360568
2017-02-14,213.2280120849609,0.003995257248570416
2017-02-15,214.3411407470703,0.00522036786454616
2017-02-16,214.15866088867188,-0.0008513524644051529
2017-02-17,214.4962158203125,0.0015761908962257376
2017-02-21,215.77362060546875,0.005955372127526726
2017-02-22,215.5819854736328,-0.0008881304920324018
2017-02-23,215.7279815673828,0.0006772184300523065
2017-02-24,216.00169372558597,0.0012687837535700908
2017-02-27,216.3392791748047,0.001562883343163124
2017-02-28,215.7553253173828,-0.0026992502686025155
2017-03-01,218.7753753662109,0.013997568979516428
2017-03-02,217.39768981933597,-0.00629726057865887
2017-03-03,217.5345458984375,0.0006295194728851428
2017-03-06,216.88673400878903,-0.002977972473167112
2017-03-07,216.2389373779297,-0.0029867969279905315
2017-03-08,215.83743286132807,-0.0018567632706217863
2017-03-09,216.1111602783203,0.001268211048303769
2017-03-10,216.86846923828125,0.003504256601027045
2017-03-13,216.97799682617188,0.0005050415501863803
2017-03-14,216.14767456054688,-0.0038267579098824056
2017-03-15,218.01808166503903,0.00865337602310512
2017-03-16,217.5892333984375,-0.0019670307312419366
2017-03-17,217.2071228027344,-0.0017561098485208149
2017-03-20,216.96890258789065,-0.001096742186765698
2017-03-21,214.18313598632807,-0.012839474082854463
2017-03-22,214.6871490478516,0.0023531874216076165
2017-03-23,214.45803833007807,-0.0010671841271806537
2017-03-24,214.30227661132807,-0.0007263039425468021
2017-03-27,214.0823211669922,-0.0010263794104941049
2017-03-28,215.6401214599609,0.007276641454917687
2017-03-29,215.8417816162109,0.0009351699251729517
2017-03-30,216.52902221679688,0.0031840017045816627
2017-03-31,216.0250244140625,-0.002327622401720131
2017-04-03,215.64935302734372,-0.0017390179111782533
2017-04-04,215.7867584228516,0.0006371704509144926
2017-04-05,215.14532470703125,-0.002972535110627117
2017-04-06,215.75015258789065,0.0028112527273507215
2017-04-07,215.5301818847656,-0.0010195622134516746
2017-04-10,215.6584930419922,0.0005953280236881131
2017-04-11,215.4019012451172,-0.001189806129383686
2017-04-12,214.45803833007807,-0.004381869006648387
2017-04-13,213.0651092529297,-0.006495112461135544
2017-04-17,214.952880859375,0.008860069173523666
2017-04-18,214.3114471435547,-0.0029840666161620177
2017-04-19,213.91741943359372,-0.0018385751914457016
2017-04-20,215.6584930419922,0.008138998745443216
2017-04-21,214.97119140625,-0.0031869908114787737
2017-04-24,217.3354339599609,0.010997950647456678
2017-04-25,218.6000061035156,0.005818527243871552
2017-04-26,218.4625701904297,-0.000628709557404239
2017-04-27,218.6458282470703,0.0008388533398691056
2017-04-28,218.1693420410156,-0.002179260449992615
2017-05-01,218.7191467285156,0.0025200822551714186
2017-05-02,218.80160522460935,0.00037700629929804386
2017-05-03,218.5359039306641,-0.0012143480102556614
2017-05-04,218.79248046875,0.0011740704088940568
2017-05-05,219.65383911132807,0.003936874981867122
2017-05-08,219.6171875,-0.00016686078183902886
2017-05-09,219.41563415527344,-0.0009177485014763009
2017-05-10,219.8096160888672,0.001795596449225334
2017-05-11,219.3606414794922,-0.002042561273540855
2017-05-12,218.9940490722656,-0.001671185882545223
2017-05-15,220.2036590576172,0.005523483357086301
2017-05-16,220.0020751953125,-0.0009154428367238454
2017-05-17,216.09832763671875,-0.017744139709264584
2017-05-18,216.96890258789065,0.004028605684702091
2017-05-19,218.38011169433597,0.006504199862805926
2017-05-22,219.4889373779297,0.005077503051860832
2017-05-23,219.97454833984372,0.0022124621300521063
2017-05-24,220.4877166748047,0.0023328532270385782
2017-05-25,221.5415496826172,0.004779554270439412
2017-05-26,221.4957733154297,-0.00020662655494230187
2017-05-30,221.3033447265625,-0.0008687686721369214
2017-05-31,221.2483673095703,-0.0002484256035990562
2017-06-01,223.0077362060547,0.007952008495604623
2017-06-02,223.75003051757807,0.003328558569992923
2017-06-05,223.58506774902344,-0.000737263669520094
2017-06-06,222.87033081054688,-0.003196711415803799
2017-06-07,223.2826690673828,0.0018501262834595966
2017-06-08,223.3926544189453,0.0004925834683986441
2017-06-09,223.05360412597656,-0.0015177325049055002
2017-06-12,223.0077362060547,-0.00020563630927017407
2017-06-13,224.09825134277344,0.004890032764204744
2017-06-14,223.81419372558597,-0.0012675583833672288
2017-06-15,223.3834686279297,-0.001924476238465811
2017-06-16,223.4322662353516,0.00021844771111134698
2017-06-19,225.2923889160156,0.008325219593416477
2017-06-20,223.7729949951172,-0.006744097873030319
2017-06-21,223.7177734375,-0.00024677489622193516
2017-06-22,223.61642456054688,-0.00045302112297951336
2017-06-23,223.88348388671875,0.0011942741983139715
2017-06-26,224.03082275390625,0.0006581051207066313
2017-06-27,222.2259826660156,-0.008056213273265667
2017-06-28,224.21502685546875,0.008950547391402441
2017-06-29,222.244384765625,-0.008789072335968151
2017-06-30,222.6587677001953,0.0018645372525714077
2017-07-03,223.03631591796875,0.0016956359799933374
2017-07-05,223.5520172119141,0.0023121853130636527
2017-07-06,221.5077362060547,-0.009144542873534167
2017-07-07,222.9442443847656,0.006485137735210422
2017-07-10,223.1836700439453,0.0010739261730681182
2017-07-11,223.01792907714844,-0.0007426213878651833
2017-07-12,224.69384765625,0.007514725771315955
2017-07-13,225.0713653564453,0.0016801425768135925
2017-07-14,226.1211395263672,0.004664183594653926
2017-07-17,226.0935211181641,-0.00012213987715148367
2017-07-18,226.21322631835935,0.0005294499355985582
2017-07-19,227.4379425048828,0.0054139901828722525
2017-07-20,227.5391998291016,0.0004452085835089381
2017-07-21,227.33665466308597,-0.0008901550421542836
2017-07-24,227.2813720703125,-0.00024317500781123602
2017-07-25,227.8338928222656,0.0024309988404247473
2017-07-26,227.8430938720703,4.038490362745506e-05
2017-07-27,227.63131713867188,-0.0009294849793312077
2017-07-28,227.36427307128903,-0.0011731429169746788
2017-07-31,227.23536682128903,-0.0005669591280050845
2017-08-01,227.74180603027344,0.0022286988863959856
2017-08-02,227.8523101806641,0.00048521680018631663
2017-08-03,227.4103240966797,-0.0019397919803136876
2017-08-04,227.82467651367188,0.0018220475197776587
2017-08-07,228.24827575683597,0.0018593211659345688
2017-08-08,227.6865234375,-0.002461145949397836
2017-08-09,227.67735290527344,-4.027700932018874e-05
2017-08-10,224.46359252929688,-0.01411541523549631
2017-08-11,224.7950897216797,0.0014768416946706608
2017-08-14,227.0235595703125,0.009913338638276814
2017-08-15,226.9959259033203,-0.00012172158274892375
2017-08-16,227.39190673828125,0.0017444402730364406
2017-08-17,223.8466796875,-0.015590823357058414
2017-08-18,223.4967498779297,-0.0015632566453914754
2017-08-21,223.67169189453125,0.0007827497120074245
2017-08-22,226.0106506347656,0.010457106665680449
2017-08-23,225.20030212402344,-0.003585443909241648
2017-08-24,224.6754150390625,-0.0023307565754147053
2017-08-25,225.20030212402344,0.002336201692871853
2017-08-28,225.20953369140625,4.09926953726103e-05
2017-08-29,225.4673614501953,0.0011448350101481708
2017-08-30,226.53546142578125,0.004737270923454107
2017-08-31,227.8983917236328,0.006016410363629099
2017-09-01,228.2206268310547,0.0014139419983825174
2017-09-05,226.5815277099609,-0.007182081408912966
2017-09-06,227.35508728027344,0.0034140451701019092
2017-09-07,227.3274688720703,-0.00012147697477771224
2017-09-08,227.06040954589844,-0.0011747780745412495
2017-09-11,229.4822235107422,0.010665945550292877
2017-09-12,230.25570678710935,0.0033705585754486567
2017-09-13,230.3662109375,0.00047991926859314304
2017-09-14,230.2925262451172,-0.0003198589414782349
2017-09-15,230.6025390625,0.0013461696844336846
2017-09-18,231.09304809570312,0.0021270755959463816
2017-09-19,231.32437133789065,0.001000996109981278
2017-09-20,231.4076385498047,0.00035995866510929453
2017-09-21,230.7876434326172,-0.0026792335856884453
2017-09-22,230.83392333984372,0.0002005302646979068
2017-09-25,230.3619537353516,-0.0020446284396304915
2017-09-26,230.50076293945312,0.0006025700071159434
2017-09-27,231.39837646484372,0.00389418895600957
2017-09-28,231.6760406494141,0.0011999400722353393
2017-09-29,232.49038696289065,0.0035150217139150453
2017-10-02,233.4990692138672,0.004338597669148125
2017-10-03,233.9987945556641,0.0021401598879144945
2017-10-04,234.27642822265625,0.0011864747744507742
2017-10-05,235.66455078125,0.005925148206862962
2017-10-06,235.3961639404297,-0.001138851133658303
2017-10-09,235.00750732421875,-0.0016510745532339888
2017-10-10,235.6275177001953,0.0026382577434906906
2017-10-11,235.9976806640625,0.0015709666149357204
2017-10-12,235.64599609375,-0.0014902035025213811
2017-10-13,235.9329071044922,0.0012175509683942654
2017-10-16,236.2475128173828,0.0013334541448739579
2017-10-17,236.41412353515625,0.0007052379759959759
2017-10-18,236.6454620361328,0.0009785307980645364
2017-10-19,236.71023559570312,0.0002737156208827418
2017-10-20,237.93179321289065,0.005160561029874167
2017-10-23,237.00637817382807,-0.00388941312367852
2017-10-24,237.42279052734372,0.0017569668661416848
2017-10-25,236.2475128173828,-0.004950146981890335
2017-10-26,236.5529327392578,0.0012927963483411187
2017-10-27,238.48703002929688,0.008176171259609566
2017-10-30,237.5986175537109,-0.0037252024794675043
2017-10-31,237.96878051757807,0.0015579339967475292
2017-11-01,238.283447265625,0.0013223026455930764
2017-11-02,238.3759613037109,0.00038825205505266247
2017-11-03,239.17184448242188,0.0033387728123177585
2017-11-06,239.54205322265625,0.0015478775983666093
2017-11-07,239.37545776367188,-0.0006954747892617963
2017-11-08,239.7825927734375,0.0017008218535401465
2017-11-09,238.9127349853516,-0.0036276936454173736
2017-11-10,238.8386688232422,-0.00031001345371539646
2017-11-13,239.06076049804688,0.0009298815635632174
2017-11-14,238.5055694580078,-0.0023223846476619903
2017-11-15,237.31175231933597,-0.005005405707651733
2017-11-16,239.32913208007807,0.008500968624711946
2017-11-17,238.62582397460935,-0.0029386648393201487
2017-11-20,239.03302001953125,0.0017064206972219331
2017-11-21,240.596923828125,0.006542626656626638
2017-11-22,240.3841552734375,-0.0008843361390584725
2017-11-24,240.93934631347656,0.002309599147279684
2017-11-27,240.8191070556641,-0.000499043679051181
2017-11-28,243.2621154785156,0.010144578861372544
2017-11-29,243.1140899658203,-0.0006085021188116935
2017-11-30,245.2424774169922,0.008754685717603294
2017-12-01,244.7335205078125,-0.0020753211863632215
2017-12-04,244.4374237060547,-0.0012098743202133555
2017-12-05,243.55825805664065,-0.0035966900488660913
2017-12-06,243.60452270507807,0.00018995310939806664
2017-12-07,244.3726043701172,0.0031529860632719675
2017-12-08,245.7052459716797,0.005453318325093992
2017-12-11,246.4455108642578,0.0030128167986427368
2017-12-12,246.88055419921875,0.0017652718989900062
2017-12-13,246.8527069091797,-0.00011279661182461709
2017-12-14,245.8440093994141,-0.0040862323220814956
2017-12-15,247.89129638671875,0.00832758541607781
2017-12-18,249.46319580078125,0.006341083519165958
2017-12-19,248.5051727294922,-0.0038403383241114586
2017-12-20,248.3749847412109,-0.0005238844199955128
2017-12-21,248.88653564453125,0.0020595910810154994
2017-12-22,248.8214263916016,-0.0002616021503977217
2017-12-26,248.5237274169922,-0.0011964362511968085
2017-12-27,248.6446685791016,0.00048663829150807913
2017-12-28,249.15621948242188,0.0020573572168010035
2017-12-29,248.2167816162109,-0.00377047728594726
2018-01-02,249.99337768554688,0.00715743737296104
2018-01-03,251.5746154785156,0.006325118719575418
2018-01-04,252.63499450683597,0.00421496829600021
2018-01-05,254.31857299804688,0.006664074763266248
2018-01-08,254.7835998535156,0.0018285210159318943
2018-01-09,255.36029052734372,0.002263452883779271
2018-01-10,254.96957397460935,-0.0015300599475647214
2018-01-11,256.82989501953125,0.007296247218529617
2018-01-12,258.50421142578125,0.0065191647807303355
2018-01-16,257.6205444335937,-0.0034183852839908546
2018-01-17,260.0760803222656,0.009531599640357546
2018-01-18,259.638916015625,-0.0016809093173771883
2018-01-19,260.8201904296875,0.004549681658628568
2018-01-22,262.9409484863281,0.008131111526093138
2018-01-23,263.4989624023437,0.0021222024155151953
2018-01-24,263.3966979980469,-0.0003881017343083659
2018-01-25,263.50830078125,0.0004237060830729611
2018-01-26,266.55914306640625,0.01157778436622725
2018-01-29,264.7918701171875,-0.006629946843648482
2018-01-30,262.07586669921875,-0.010257125404819822
2018-01-31,262.2060852050781,0.0004968733195447328
2018-02-01,261.9084777832031,-0.0011350134061237638
2018-02-02,256.20672607421875,-0.02177001583623439
2018-02-05,245.49148559570312,-0.04182263534881436
2018-02-06,250.3282012939453,0.01970217291449239
2018-02-07,248.9701995849609,-0.005424885018806891
2018-02-08,239.6316070556641,-0.03750887674454395
2018-02-09,243.23129272460935,0.015021748229185228
2018-02-12,246.8030242919922,0.014684506781069473
2018-02-13,247.41688537597656,0.0024872510608222598
2018-02-14,250.7561492919922,0.013496507770442756
2018-02-15,253.9557037353516,0.012759625047654044
2018-02-16,254.0301055908203,0.0002929717835604695
2018-02-20,252.43968200683597,-0.006260768109690562
2018-02-21,251.18397521972656,-0.004974284459268952
2018-02-22,251.50949096679688,0.001295925613031601
2018-02-23,255.5184631347656,0.01593964566728001
2018-02-26,258.4855041503906,0.011611845888647832
2018-02-27,255.25791931152344,-0.012486521630974412
2018-02-28,252.67218017578125,-0.010129907595879506
2018-03-01,248.9981231689453,-0.014540805419417158
2018-03-02,250.2816925048828,0.005154935786670922
2018-03-05,253.1744384765625,0.011557960723089122
2018-03-06,253.81626892089844,0.0025351313039263523
2018-03-07,253.72317504882807,-0.0003667766154871188
2018-03-08,254.95098876953125,0.0048391863315870864
2018-03-09,259.3878479003906,0.017402792404426215
2018-03-12,259.06219482421875,-0.001255467743797034
2018-03-13,257.3879699707031,-0.0064626367218560965
2018-03-14,256.0671691894531,-0.005131555998519777
2018-03-15,255.7881774902344,-0.0010895254557694578
2018-03-16,256.0655517578125,0.0010843904917718916
2018-03-19,252.60086059570312,-0.01353048521491984
2018-03-20,253.03048706054688,0.0017008115642622723
2018-03-21,252.54478454589844,-0.001919541476170905
2018-03-22,246.23194885253903,-0.024996895915750272
2018-03-23,240.9835968017578,-0.021314667228355066
2018-03-26,247.5766448974609,0.027358908171358998
2018-03-27,243.3649444580078,-0.01701170335027946
2018-03-28,242.6458740234375,-0.002954700136339472
2018-03-29,245.74632263183597,0.012777668777087747
2018-04-02,240.4419708251953,-0.021584664013822752
2018-04-03,243.523681640625,0.012816858907175321
2018-04-04,246.129150390625,0.01069903646514736
2018-04-05,248.07162475585935,0.007892093895223384
2018-04-06,242.5431365966797,-0.022285854597923205
2018-04-09,243.73851013183597,0.0049284987071971376
2018-04-10,247.61407470703125,0.01590050161994938
2018-04-11,246.31597900390625,-0.0052424148532786985
2018-04-12,248.3424072265625,0.008226945855689394
2018-04-13,247.61407470703125,-0.0029327754678112328
2018-04-16,249.6498107910156,0.008221406987437785
2018-04-17,252.3206787109375,0.010698457617329016
2018-04-18,252.50750732421875,0.0007404411490794516
2018-04-19,251.106689453125,-0.005547628606919375
2018-04-20,248.9774627685547,-0.008479370618152293
2018-04-23,248.94012451171875,-0.0001499664123039146
2018-04-24,245.5875396728516,-0.013467434570634373
2018-04-25,246.19456481933597,0.0024717261604272345
2018-04-26,248.6973419189453,0.01016585033648476
2018-04-27,248.93081665039065,0.0009387906185238659
2018-04-30,247.01638793945312,-0.007690605513202664
2018-05-01,247.455322265625,0.0017769441527073493
2018-05-02,245.79298400878903,-0.006717730868005201
2018-05-03,245.2513732910156,-0.002203523912440386
2018-05-04,248.42648315429688,0.01294634896708069
2018-05-07,249.2670135498047,0.0033834170368454153
2018-05-08,249.2670135498047,0.0
2018-05-09,251.6763610839844,0.009665729531831202
2018-05-10,254.02964782714844,0.009350448063649264
2018-05-11,254.80479431152344,0.003051401641521956
2018-05-14,254.9262542724609,0.00047667847563714894
2018-05-15,253.17047119140625,-0.006887415680528974
2018-05-16,254.23513793945312,0.004205335413077993
2018-05-17,254.0203399658203,-0.0008448791751357598
2018-05-18,253.38528442382807,-0.0025000184712676843
2018-05-21,255.2904052734375,0.0075186720252578
2018-05-22,254.5806427001953,-0.002780216406809255
2018-05-23,255.28106689453125,0.0027512861422098744
2018-05-24,254.75808715820312,-0.002048642865254857
2018-05-25,254.1510772705078,-0.0023826913385417425
2018-05-29,251.2280731201172,-0.011501049618922177
2018-05-30,254.5806427001953,0.013344725127415247
2018-05-31,253.0210876464844,-0.006125976575318437
2018-06-01,255.50518798828125,0.009817760112025065
2018-06-04,256.7191772460937,0.004751329189715436
2018-06-05,256.9060363769531,0.0007278736745104375
2018-06-06,259.0538330078125,0.008360241982434236
2018-06-07,259.0258483886719,-0.00010802626934991455
2018-06-08,259.7916564941406,0.002956492991848636
2018-06-11,260.1372375488281,0.0013302238391759147
2018-06-12,260.4734191894531,0.0012923241739348779
2018-06-13,259.6422119140625,-0.0031911404932495335
2018-06-14,260.2958984375,0.002517643485697496
2018-06-15,259.9638366699219,-0.0012757087974548664
2018-06-18,259.4291687011719,-0.0020567013304579884
2018-06-19,258.4347839355469,-0.0038329721002591244
2018-06-20,258.87567138671875,0.0017059911381041015
2018-06-21,257.2528686523437,-0.006268656786797333
2018-06-22,257.72186279296875,0.0018230861450911906
2018-06-25,254.2135772705078,-0.01361268106803648
2018-06-26,254.77642822265625,0.0022140869035862654
2018-06-27,252.66575622558597,-0.008284408458798631
2018-06-28,254.1103515625,0.005717416394267039
2018-06-29,254.47622680664065,0.0014398281765812815
2018-07-02,255.02032470703125,0.00213810895901112
2018-07-03,254.11978149414065,-0.0035312605531545582
2018-07-05,256.1928405761719,0.008157802866987751
2018-07-06,258.3597106933594,0.008457965149667235
2018-07-09,260.6861877441406,0.00900479817281763
2018-07-10,261.6242370605469,0.0035983851868934824
2018-07-11,259.7105407714844,-0.007314675087307099
2018-07-12,262.06512451171875,0.009066184734897398
2018-07-13,262.2714538574219,0.0007873208847899438
2018-07-16,262.0369567871094,-0.0008941006230894777
2018-07-17,263.09698486328125,0.004045338066695159
2018-07-18,263.650390625,0.0021034287489318793
2018-07-19,262.65606689453125,-0.003771372111801674
2018-07-20,262.3558959960937,-0.0011428287265037307
2018-07-23,262.8437194824219,0.0018593959341985933
2018-07-24,264.1663513183594,0.005032008520279518
2018-07-25,266.417724609375,0.008522558909489497
2018-07-26,265.7891845703125,-0.002359227562595767
2018-07-27,263.9881591796875,-0.006776142503829186
2018-07-30,262.6091613769531,-0.005223710817255811
2018-07-31,263.9036865234375,0.004929474431496272
2018-08-01,263.4626770019531,-0.00167110026879147
2018-08-02,264.8981018066406,0.005448304181153052
2018-08-03,266.0330505371094,0.004284472869862999
2018-08-06,267.0086669921875,0.003667275374651391
2018-08-07,267.89044189453125,0.0033024205254339467
2018-08-08,267.7779235839844,-0.00042001614447739755
2018-08-09,267.4120483398437,-0.001366338342025153
2018-08-10,265.6203308105469,-0.00670021242655372
2018-08-13,264.6259765625,-0.0037435170907760273
2018-08-14,266.31451416015625,0.006380845975857641
2018-08-15,264.3258056640625,-0.0074675182551176
2018-08-16,266.464599609375,0.008091506389015679
2018-08-17,267.40264892578125,0.0035203524887785775
2018-08-20,267.974853515625,0.0021398613369854047
2018-08-21,268.603271484375,0.002345063204646447
2018-08-22,268.44384765625,-0.00059352898884657
2018-08-23,268.0874328613281,-0.0013277070718278328
2018-08-24,269.700927734375,0.006018539757070451
2018-08-27,271.8302917480469,0.007895278787357629
2018-08-28,271.9615783691406,0.00048297274100495
2018-08-29,273.4249572753906,0.005380829582713131
2018-08-30,272.3180236816406,-0.0040483999879905586
2018-08-31,272.327392578125,3.4404246761710056e-05
2018-09-04,271.8583984375,-0.0017221702752155954
2018-09-05,271.12677001953125,-0.002691211388626491
2018-09-06,270.3106384277344,-0.003010147584239231
2018-09-07,269.7852783203125,-0.0019435421057699687
2018-09-10,270.2543334960937,0.0017386240594798874
2018-09-11,271.1454772949219,0.0032974264919274354
2018-09-12,271.21112060546875,0.00024209627688343005
2018-09-13,272.8152160644531,0.00591456373692667
2018-09-14,272.8621826171875,0.00017215518038882216
2018-09-17,271.41754150390625,-0.005294398437426628
2018-09-18,272.8902893066406,0.0054261334568650454
2018-09-19,273.1811218261719,0.0010657488775807078
2018-09-20,275.3948974609375,0.00810369186555393
2018-09-21,275.1432800292969,-0.0009136604706930784
2018-09-24,274.229248046875,-0.0033220218292249193
2018-09-25,273.9748229980469,-0.000927782323148274
2018-09-26,273.1550598144531,-0.002992111372217554
2018-09-27,273.9183349609375,0.002794292542129151
2018-09-28,273.94659423828125,0.00010316679731481315
2018-10-01,274.8983459472656,0.0034742235494138463
2018-10-02,274.73809814453125,-0.0005829347651481465
2018-10-03,274.88885498046875,0.0005487292696413348
2018-10-04,272.7403869628906,-0.00781576982351928
2018-10-05,271.2138671875,-0.005596970043158067
2018-10-08,271.2138671875,0.0
2018-10-09,270.8180847167969,-0.001459300274014086
2018-10-10,262.2431335449219,-0.03166314088973088
2018-10-11,256.4668273925781,-0.022026529634013414
2018-10-12,260.0286865234375,0.013888186503774103
2018-10-15,258.56817626953125,-0.005616727421243972
2018-10-16,264.22198486328125,0.021865833125018774
2018-10-17,264.26910400390625,0.0001783316428016768
2018-10-18,260.4527893066406,-0.014441017279148927
2018-10-19,260.31134033203125,-0.000543088730153074
2018-10-22,259.1429748535156,-0.004488338760137545
2018-10-23,257.82373046875,-0.005090797408308423
2018-10-24,250.01205444335935,-0.030298514458650616
2018-10-25,254.4973907470703,0.01794048016483596
2018-10-26,250.02145385742188,-0.01758735866214367
2018-10-29,248.63624572753903,-0.0055403570714086525
2018-10-30,252.3206787109375,0.014818567472402844
2018-10-31,255.0156707763672,0.01068082124381542
2018-11-01,257.7295227050781,0.010641902595432295
2018-11-02,256.2029724121094,-0.005923071121020085
2018-11-05,257.616455078125,0.005517042416440132
2018-11-06,259.24664306640625,0.00632796529937063
2018-11-07,264.7968444824219,0.02140896156018468
2018-11-08,264.31622314453125,-0.0018150568932573385
2018-11-09,261.7343444824219,-0.009768142989458384
2018-11-12,256.84375,-0.018685337195976315
2018-11-13,256.3631896972656,-0.0018710219841221454
2018-11-14,254.6105194091797,-0.006836669063743583
2018-11-15,257.2677917480469,0.01043661646436811
2018-11-16,257.9368591308594,0.0026006651600902764
2018-11-19,253.57395935058597,-0.01691460381030685
2018-11-20,248.88128662109372,-0.018506130288419187
2018-11-21,249.72933959960935,0.0034074597975166654
2018-11-23,248.06149291992188,-0.0066786172676447375
2018-11-26,252.0662841796875,0.01614434877668991
2018-11-27,252.9143218994141,0.0033643441148283326
2018-11-28,258.73779296875,0.02302546975434616
2018-11-29,258.17242431640625,-0.0021851027090272757
2018-11-30,259.7460021972656,0.00609506567181195
2018-12-03,263.1854248046875,0.013241484289755467
2018-12-04,254.6576232910156,-0.03240225601398883
2018-12-06,254.271240234375,-0.0015172648344363715
2018-12-07,248.363037109375,-0.023235829264662833
2018-12-10,248.83413696289065,0.0018968195066328963
2018-12-11,248.8907470703125,0.00022750137144678106
2018-12-12,250.14393615722656,0.005035097132638722
2018-12-13,250.05911254882807,-0.00033909919905150687
2018-12-14,245.4418792724609,-0.018464567154958478
2018-12-17,240.62669372558597,-0.019618434967773712
2018-12-18,240.3628692626953,-0.0010964056348274909
2018-12-19,236.7632751464844,-0.014975666280122812
2018-12-20,232.90921020507807,-0.016278136628334106
2018-12-21,228.1370086669922,-0.0204895355313941
2018-12-24,222.10899353027344,-0.02642278502703499
2018-12-26,233.33099365234372,0.05052474437754251
2018-12-27,235.1223602294922,0.0076773623131163315
2018-12-28,234.81906127929688,-0.0012899621707577191
2018-12-31,236.87582397460935,0.008758925634517079
2019-01-02,237.12222290039065,0.001040202928466405
2019-01-03,231.4638214111328,-0.023862805518801156
2019-01-04,239.2168731689453,0.03349573903405534
2019-01-07,241.1030120849609,0.007884639954655492
2019-01-08,243.36827087402344,0.009395398130755295
2019-01-09,244.50564575195312,0.004673472321782057
2019-01-10,245.3681488037109,0.003527538389165752
2019-01-11,245.46292114257807,0.0003862454818575056
2019-01-14,243.96539306640625,-0.00610083213057655
2019-01-15,246.76144409179688,0.011460851025823837
2019-01-16,247.35855102539065,0.00241977402827831
2019-01-17,249.23519897460935,0.007586751868650987
2019-01-18,252.5525054931641,0.013309943909217692
2019-01-22,249.14041137695312,-0.013510434630407242
2019-01-23,249.6617431640625,0.0020925219807901296
2019-01-24,249.7943878173828,0.000531297473290282
2019-01-25,251.90798950195312,0.008461365777823193
2019-01-28,249.99346923828125,-0.007600077581727649
2019-01-29,249.6617431640625,-0.0013269389605636839
2019-01-30,253.61407470703125,0.01583074560354847
2019-01-31,255.84141540527344,0.008782401768573589
2019-02-01,255.96458435058597,0.0004814269226796064
2019-02-04,257.7655029296875,0.007035811550534232
2019-02-05,258.8459777832031,0.0041916968765614016
2019-02-06,258.5047607421875,-0.0013182242348822593
2019-02-07,256.0404663085937,-0.009532878336625639
2019-02-08,256.3532409667969,0.0012215829111410503
2019-02-11,256.4953308105469,0.0005542736390384828
2019-02-12,259.79376220703125,0.01285961575230643
2019-02-13,260.6373291015625,0.003247063699162389
2019-02-14,260.05914306640625,-0.00221835466603848
2019-02-15,262.89306640625,0.010897226324859899
2019-02-19,263.3480529785156,0.0017306906510898834
2019-02-20,263.8788757324219,0.002015669939088305
2019-02-21,262.94049072265625,-0.0035561202356991783
2019-02-22,264.5707092285156,0.0061999523214508745
2019-02-25,264.9308776855469,0.0013613315626719302
2019-02-26,264.7413330078125,-0.0007154495519369197
2019-02-27,264.6275634765625,-0.0004297384543524574
2019-02-28,264.1347351074219,-0.0018623470762684224
2019-03-01,265.7839050292969,0.006243669244048178
2019-03-04,264.8171081542969,-0.0036375298003595846
2019-03-05,264.4569702148437,-0.0013599496722973559
2019-03-06,262.85516357421875,-0.006056965105981638
2019-03-07,260.65625,-0.008365495067012008
2019-03-08,260.1349792480469,-0.0019998398348519686
2019-03-11,263.9072570800781,0.014501232563707944
2019-03-12,264.9024353027344,0.0037709392067011294
2019-03-13,266.6559143066406,0.006619338934737762
2019-03-14,266.4852905273437,-0.0006398649725830596
2019-03-15,267.8018798828125,0.004940570463995986
2019-03-18,268.7728576660156,0.0036257317671855027
2019-03-19,268.8395690917969,0.0002482074505609777
2019-03-20,268.03033447265625,-0.00301010235165311
2019-03-21,271.0576171875,0.011294552613978714
2019-03-22,265.8407897949219,-0.019246193656935584
2019-03-25,265.640869140625,-0.0007520315240227005
2019-03-26,267.6209716796875,0.007454058351293424
2019-03-27,266.2215881347656,-0.00522897565216518
2019-03-28,267.230712890625,0.0037905444217714024
2019-03-29,268.9156799316406,0.00630528962329735
2019-04-01,272.10479736328125,0.01185917248280699
2019-04-02,272.23809814453125,0.0004898876555712306
2019-04-03,272.66650390625,0.0015736436767617157
2019-04-04,273.3900451660156,0.0026535758862937797
2019-04-05,274.7133178710937,0.004840237340297149
2019-04-08,274.9227294921875,0.0007622914779548129
2019-04-09,273.5137634277344,-0.005124952989720599
2019-04-10,274.4466857910156,0.003410879041660042
2019-04-11,274.3704833984375,-0.0002776582721649712
2019-04-12,276.22686767578125,0.006765976625291437
2019-04-15,276.0459899902344,-0.0006548156849071063
2019-04-16,276.22686767578125,0.0006552447494465596
2019-04-17,275.5509948730469,-0.0024468032687090524
2019-04-18,276.0936279296875,0.0019692654598857384
2019-04-22,276.3316650390625,0.0008621608226164756
2019-04-23,278.8162841796875,0.008991438387177864
2019-04-24,278.197509765625,-0.0022192907988964894
2019-04-25,278.0261535644531,-0.0006159515996970732
2019-04-26,279.3208312988281,0.004656676063659937
2019-04-29,279.7587585449219,0.001567828808390015
2019-04-30,279.90155029296875,0.0005104102863109361
2019-05-01,277.79766845703125,-0.007516506549304247
2019-05-02,277.1979064941406,-0.0021589884689164895
2019-05-03,279.9111328125,0.009788047654020637
2019-05-06,278.7591857910156,-0.00411540266337318
2019-05-07,274.1039733886719,-0.01669976323518807
2019-05-08,273.72320556640625,-0.0013891364563537456
2019-05-09,272.8949279785156,-0.00302596773326802
2019-05-10,274.26580810546875,0.005023472356587844
2019-05-13,267.3733825683594,-0.02513045860408125
2019-05-14,269.7914733886719,0.009043872643883288
2019-05-15,271.37176513671875,0.0058574562353579385
2019-05-16,273.885009765625,0.009261260572337227
2019-05-17,272.1143798828125,-0.006464865982726442
2019-05-20,270.31512451171875,-0.0066121289579352815
2019-05-21,272.752197265625,0.009015672942120467
2019-05-22,271.9144287109375,-0.003071537326137963
2019-05-23,268.59197998046875,-0.012218729054649491
2019-05-24,269.2013244628906,0.002268662238039232
2019-05-28,266.69757080078125,-0.009300673639347279
2019-05-29,264.9078063964844,-0.006710838793630436
2019-05-30,265.63134765625,0.002731294594930489
2019-05-31,262.0519104003906,-0.013475206474845236
2019-06-03,261.385498046875,-0.0025430547424646344
2019-06-04,267.05938720703125,0.021706977634768254
2019-06-05,269.3726501464844,0.008661979508175266
2019-06-06,271.12420654296875,0.006502354249890985
2019-06-07,273.83746337890625,0.010007431171614956
2019-06-10,275.09405517578125,0.004588823535573994
2019-06-11,275.0273742675781,-0.00024239312681806346
2019-06-12,274.5419006347656,-0.001765182953534561
2019-06-13,275.6747741699219,0.004126413973739362
2019-06-14,275.3700866699219,-0.0011052425849170655
2019-06-17,275.47479248046875,0.00038023669096776125
2019-06-18,278.3593139648437,0.01047109050669115
2019-06-19,278.9876403808594,0.0022572494775405794
2019-06-20,281.6531066894531,0.009554065925483357
2019-06-21,281.2437744140625,-0.0014533206475224603
2019-06-24,280.8994140625,-0.001224419464146087
2019-06-25,278.14434814453125,-0.009808015894813282
2019-06-26,277.8669128417969,-0.0009974508005828886
2019-06-27,278.8521728515625,0.0035457982373259256
2019-06-28,280.28717041015625,0.005146087060822868
2019-07-01,282.8316955566406,0.009078279047738391
2019-07-02,283.5683288574219,0.002604493457960766
2019-07-03,285.8355407714844,0.00799529313868641
2019-07-05,285.5102233886719,-0.0011381278267021955
2019-07-08,283.94146728515625,-0.005494570684356992
2019-07-09,284.2953796386719,0.0012464271488750178
2019-07-10,285.6537780761719,0.004778123510928989
2019-07-11,286.3233642578125,0.0023440480505811934
2019-07-12,287.605224609375,0.004476967343846505
2019-07-15,287.70086669921875,0.0003325464270464984
2019-07-16,286.7729797363281,-0.0032251795885644974
2019-07-17,284.8215026855469,-0.006804954401825158
2019-07-18,285.8641357421875,0.0036606542933372843
2019-07-19,284.2762145996094,-0.0055548106391709595
2019-07-22,284.9745483398437,0.002456532429974345
2019-07-23,287.0120849609375,0.007149889816349342
2019-07-24,288.3609619140625,0.004699721801988188
2019-07-25,286.9834289550781,-0.004777113205063133
2019-07-26,288.9062805175781,0.006700218090992971
2019-07-29,288.38006591796875,-0.001821402423881735
2019-07-30,287.6722106933594,-0.0024545913822306975
2019-07-31,284.5249328613281,-0.010940500038031264
2019-08-01,282.0473022460937,-0.008707956066690281
2019-08-02,279.9236755371094,-0.007529328208682573
2019-08-05,271.5054931640625,-0.030073134603188945
2019-08-06,275.3127746582031,0.014022852538898789
2019-08-07,275.4753723144531,0.0005905924868609969
2019-08-08,280.8803100585937,0.019620402719597196
2019-08-09,278.967041015625,-0.0068116880196037455
2019-08-12,275.57110595703125,-0.012173248302847162
2019-08-13,279.856689453125,0.015551643127498238
2019-08-14,271.5820007324219,-0.02956759310228707
2019-08-15,272.2994079589844,0.0026415860573518746
2019-08-16,276.3172302246094,0.01475516342742167
2019-08-19,279.64617919921875,0.012047562042741156
2019-08-20,277.5033874511719,-0.007662510370007092
2019-08-21,279.7610168457031,0.00813550211140579
2019-08-22,279.6749267578125,-0.00030772724828243003
2019-08-23,272.4907531738281,-0.025687585466700025
2019-08-26,275.5041198730469,0.011058601674077462
2019-08-27,274.4231262207031,-0.003923693238568893
2019-08-28,276.35546875,0.007041471161372881
2019-08-29,279.8853759765625,0.012773068115962571
2019-08-30,279.7610168457031,-0.0004443216456931909
2019-09-03,278.12518310546875,-0.005847254055187379
2019-09-04,281.2820739746094,0.01135061138258564
2019-09-05,284.89801025390625,0.012855196309535355
2019-09-06,285.1180419921875,0.0007723175675573568
2019-09-09,285.2615661621094,0.0005033850854159194
2019-09-10,285.194580078125,-0.00023482337591285152
2019-09-11,287.2225952148437,0.007110987649776357
2019-09-12,288.2174987792969,0.003463876383781761
2019-09-13,288.026123046875,-0.0006639976171898265
2019-09-16,287.1365051269531,-0.003088670952867356
2019-09-17,287.8634948730469,0.002531861094333232
2019-09-18,288.03570556640625,0.0005982373466122404
2019-09-19,288.0165710449219,-6.643107474035848e-05
2019-09-20,286.6557006835937,-0.0047249724430471485
2019-09-23,286.58843994140625,-0.00023463947176716182
2019-09-24,284.3396911621094,-0.007846613700666527
2019-09-25,286.0214538574219,0.005914625173991883
2019-09-26,285.4256591796875,-0.0020830419176576243
2019-09-27,283.8879699707031,-0.005387354498553765
2019-09-30,285.2045593261719,0.004637707457644691
2019-10-01,281.8121643066406,-0.01189460304402623
2019-10-02,276.83404541015625,-0.017664670042658925
2019-10-03,279.1021423339844,0.008192984069093523
2019-10-04,282.8788452148437,0.013531615519955409
2019-10-07,281.6584167480469,-0.004314315076724529
2019-10-08,277.2857666015625,-0.015524656415277116
2019-10-09,279.9189147949219,0.009496153465183177
2019-10-10,281.8121643066406,0.006763564059634186
2019-10-11,284.73370361328125,0.01036697373879747
2019-10-14,284.4166259765625,-0.0011135936234278887
2019-10-15,287.232421875,0.009900250693043233
2019-10-16,286.7711181640625,-0.0016060293887653065
2019-10-17,287.6167907714844,0.0029489462287415336
2019-10-18,286.3578796386719,-0.0043770432506241574
2019-10-21,288.2991027832031,0.006779010750396219
2019-10-22,287.3573303222656,-0.0032666506827310204
2019-10-23,288.19342041015625,0.0029095832946142153
2019-10-24,288.6642761230469,0.001633818399533471
2019-10-25,289.8464050292969,0.004095168692596074
2019-10-28,291.4800720214844,0.005636319663935074
2019-10-29,291.39361572265625,-0.0002966113540062709
2019-10-30,292.2873840332031,0.0030672199469103933
2019-10-31,291.50897216796875,-0.0026631729857554687
2019-11-01,294.20947265625,0.009263867483039867
2019-11-04,295.3914794921875,0.004017568928919468
2019-11-05,295.0647277832031,-0.0011061649765460313
2019-11-06,295.1319885253906,0.00022795249941531814
2019-11-07,296.1698913574219,0.0035167412289567324
2019-11-08,296.9003601074219,0.002466384231874841
2019-11-11,296.3333435058594,-0.0019097875171231182
2019-11-12,296.9580078125,0.002107978465232252
2019-11-13,297.0541076660156,0.0003236142854794455
2019-11-14,297.4865417480469,0.0014557418021550195
2019-11-15,299.63922119140625,0.0072362246396429075
2019-11-18,299.8602600097656,0.0007376831960799191
2019-11-19,299.7738037109375,-0.00028832196312145175
2019-11-20,298.65899658203125,-0.00371882771311538
2019-11-21,298.1784362792969,-0.001609060193177192
2019-11-22,298.84161376953125,0.0022240960765291806
2019-11-25,301.1576232910156,0.007749956548121606
2019-11-26,301.8399963378906,0.0022658335506107186
2019-11-27,303.1855163574219,0.004457726066313006
2019-11-29,302.06103515625,-0.0037088882565426973
2019-12-02,299.4951171875,-0.008494700309236158
2019-12-03,297.4865417480469,-0.006706538184379274
2019-12-04,299.32208251953125,0.006170164070947948
2019-12-05,299.8602600097656,0.0017979879255960451
2019-12-06,302.5992431640625,0.00913419855704678
2019-12-09,301.6478271484375,-0.0031441453907046224
2019-12-10,301.3114318847656,-0.0011151920663640125
2019-12-11,302.1667785644531,0.0028387461913979006
2019-12-12,304.77117919921875,0.008619083299423957
2019-12-13,304.9537353515625,0.000598994146439269
2019-12-16,307.0487670898437,0.0068699986109892475
2019-12-17,307.11602783203125,0.00021905556835499773
2019-12-18,307.1352844238281,6.270135731045734e-05
2019-12-19,308.39422607421875,0.004098980853835643
2019-12-20,309.7463073730469,0.004384262688831075
2019-12-23,310.219482421875,0.0015276212744588236
2019-12-24,310.2291564941406,3.11846057832188e-05
2019-12-26,311.880615234375,0.005323351160468892
2019-12-27,311.8033447265625,-0.00024775668649501537
2019-12-30,310.0842590332031,-0.00551336514644174
2019-12-31,310.8375549316406,0.0024293264701218398
2020-01-02,313.7444763183594,0.009351898895736843
2020-01-03,311.36871337890625,-0.007572286107891291
2020-01-06,312.556640625,0.0038151785810547345
2020-01-07,311.67779541015625,-0.0028117950496472366
2020-01-08,313.33892822265625,0.005329647594285669
2020-01-09,315.46356201171875,0.006780625060263112
2020-01-10,314.55572509765625,-0.0028777869249723143
2020-01-13,316.7190246582031,0.006877317397021576
2020-01-14,316.2361755371094,-0.0015245346300710727
2020-01-15,316.9507751464844,0.0022597022878907413
2020-01-16,319.5873107910156,0.008318438859513
2020-01-17,320.5820617675781,0.00311261099228366
2020-01-21,319.954345703125,-0.0019580511179949633
2020-01-22,319.9929504394531,0.00012065701512287141
2020-01-23,320.35992431640625,0.0011468186297516336
2020-01-24,317.5109558105469,-0.008893024032074481
2020-01-27,312.4214782714844,-0.016029297401943143
2020-01-28,315.6953430175781,0.010479000240978475
2020-01-29,315.4346008300781,-0.0008259297872680316
2020-01-30,316.4582214355469,0.0032451119908059045
2020-01-31,310.7120361328125,-0.01815780066217909
2020-02-03,313.0201416015625,0.007428439198806647
2020-02-04,317.791015625,0.015241428232149579
2020-02-05,321.4608764648437,0.011548032069522707
2020-02-06,322.5425109863281,0.003364747005543345
2020-02-07,320.8235168457031,-0.005329511869205605
2020-02-10,323.21856689453125,0.007465319476502197
2020-02-11,323.7786560058594,0.0017328494359387658
2020-02-12,325.86474609375,0.006442951223606608
2020-02-13,325.51708984375,-0.0010668728488352208
2020-02-14,326.03857421875,0.0016020184232119483
2020-02-18,325.1983642578125,-0.002577026239765634
2020-02-19,326.7532043457031,0.004781205131333177
2020-02-20,325.4107971191406,-0.004108321536587689
2020-02-21,322.0596618652344,-0.010298168602805524
2020-02-24,311.37841796875,-0.03316541983129184
2020-02-25,301.9429626464844,-0.030302213569639802
2020-02-26,300.8323669433594,-0.0036781638935737826
2020-02-27,287.3215026855469,-0.04491160440976194
2020-02-28,286.1142578125,-0.004201721283520254
2020-03-02,298.50494384765625,0.043306775866011726
2020-03-03,289.9579467773437,-0.02863268179127565
2020-03-04,302.1457824707031,0.04203311490103201
2020-03-05,292.1019287109375,-0.033241747336782757
2020-03-06,287.273193359375,-0.016530994413052946
2020-03-09,264.8387451171875,-0.07809447160676175
2020-03-10,278.5428161621094,0.05174496291642683
2020-03-11,264.9642028808594,-0.04874874702691079
2020-03-12,239.61322021484372,-0.09567700991448524
2020-03-13,260.09686279296875,0.08548627892801086
2020-03-16,231.63609313964844,-0.10942373294204033
2020-03-17,244.14260864257807,0.053992084452010314
2020-03-18,231.78097534179688,-0.050632838608186126
2020-03-19,232.27349853515625,0.0021249509051943782
2020-03-20,222.2638702392578,-0.043094147025057206
2020-03-23,216.58099365234372,-0.025568152758235985
2020-03-24,236.2039031982422,0.09060310055367649
2020-03-25,239.7399139404297,0.014970162195921732
2020-03-26,253.7382659912109,0.05838974337105807
2020-03-27,246.18052673339844,-0.029785571475743677
2020-03-30,254.1754302978516,0.03247577568599169
2020-03-31,250.3868408203125,-0.014905411876747876
2020-04-01,239.1182098388672,-0.045004885019225616
2020-04-02,244.6359405517578,0.023075326285726172
2020-04-03,241.09994506835935,-0.014454112815244113
2020-04-06,257.2937316894531,0.06716628084051335
2020-04-07,257.5559997558594,0.0010193332915036102
2020-04-08,266.2017517089844,0.03356843545217503
2020-04-09,270.2526550292969,0.015217417970791569
2020-04-13,267.78521728515625,-0.009130114721252802
2020-04-14,275.6830139160156,0.02949302695245226
2020-04-15,269.8252258300781,-0.02124827352519454
2020-04-16,271.1269226074219,0.004824221950854524
2020-04-17,278.4515380859375,0.027015448735503433
2020-04-20,273.5458374023437,-0.01761778985785234
2020-04-21,265.2400817871094,-0.030363304717438755
2020-04-22,271.1269226074219,0.022194386235476538
2020-04-23,271.1075134277344,-7.15870615165537e-05
2020-04-24,274.88641357421875,0.013938751083310219
2020-04-27,278.84979248046875,0.01441824226492705
2020-04-28,277.56756591796875,-0.004598269739038097
2020-04-29,284.8338623046875,0.026178477887673024
2020-04-30,282.1818542480469,-0.009310719010662272
2020-05-01,274.7115478515625,-0.026473376243100755
2020-05-04,275.4692077636719,0.0027580198868042416
2020-05-05,278.01434326171875,0.00923927403250957
2020-05-06,276.1298217773437,-0.006778504527016449
2020-05-07,279.4618225097656,0.012066790580514297
2020-05-08,284.0858764648437,0.01654628139740444
2020-05-11,284.14410400390625,0.00020496456841545552
2020-05-12,278.4806823730469,-0.019931512042852484
2020-05-13,273.5555114746094,-0.017685861929337854
2020-05-14,276.8292541503906,0.011967379703424763
2020-05-15,278.1017761230469,0.00459677564266725
2020-05-18,286.57275390625,0.030459991666702324
2020-05-19,283.6293029785156,-0.010271216951410866
2020-05-20,288.4475402832031,0.016987797995796194
2020-05-21,286.4561462402344,-0.006903834371454698
2020-05-22,287.0001525878906,0.0018990912039988928
2020-05-26,290.5361328125,0.012320482037118552
2020-05-27,294.8590087890625,0.014878961644857913
2020-05-28,294.31500244140625,-0.0018449710927619378
2020-05-29,295.6264343261719,0.00445587847675788
2020-06-01,296.8213195800781,0.004041875540087503
2020-06-02,299.27899169921875,0.008279971676621978
2020-06-03,303.2619323730469,0.013308453931945463
2020-06-04,302.4653625488281,-0.002626672652203732
2020-06-05,310.2173767089844,0.025629427762674295
2020-06-08,313.9671325683594,0.012087510697031734
2020-06-09,311.6260070800781,-0.007456594163631203
2020-06-10,309.8870849609375,-0.0055801572385894005
2020-06-11,292.0224304199219,-0.05764891603426303
2020-06-12,295.51959228515625,0.011975661801751025
2020-06-15,298.2784729003906,0.009335694442121012
2020-06-16,304.0196838378906,0.019247821948643384
2020-06-17,302.7567443847656,-0.004154137117642787
2020-06-18,302.87335205078125,0.00038515299222341426
2020-06-19,301.1424865722656,-0.005714816000799594
2020-06-22,303.0743408203125,0.00641508367031185
2020-06-23,304.4696044921875,0.004603701085675871
2020-06-24,296.7029724121094,-0.02550872719472863
2020-06-25,299.8837890625,0.010720541909410297
2020-06-26,292.7611083984375,-0.02375146948199336
2020-06-29,297.0639953613281,0.014697604427137634
2020-06-30,300.86920166015625,0.012809382349415088
2020-07-01,302.97674560546875,0.00700485105714832
2020-07-02,304.645263671875,0.0055070829382364295
2020-07-06,309.34814453125,0.01543723609122094
2020-07-07,306.1575927734375,-0.010313789864966227
2020-07-08,308.499267578125,0.00764859294677156
2020-07-09,306.74298095703125,-0.005693000942535442
2020-07-10,309.87506103515625,0.010210763644380672
2020-07-13,307.1918640136719,-0.008658964075782705
2020-07-14,311.1727600097656,0.012958989030765977
2020-07-15,314.03155517578125,0.009187163959743394
2020-07-16,312.9973449707031,-0.0032933321127528448
2020-07-17,313.9046936035156,0.002898902011125415
2020-07-20,316.4415588378906,0.008081641613104429
2020-07-21,317.11480712890625,0.0021275596463627977
2020-07-22,318.9198303222656,0.005692018009823219
2020-07-23,315.11456298828125,-0.01193173635562006
2020-07-24,313.0851135253906,-0.006440354402046822
2020-07-27,315.3682861328125,0.007292498138007808
2020-07-28,313.3681030273437,-0.006342372373569827
2020-07-29,317.2221069335937,0.012298647721378675
2020-07-30,316.0902709960937,-0.0035679604692144817
2020-07-31,318.588134765625,0.007902374728775419
2020-08-03,320.802978515625,0.006952059754608886
2020-08-04,322.0421142578125,0.0038626067249158957
2020-08-05,324.04229736328125,0.00621093644872639
2020-08-06,326.20831298828125,0.006684360784455556
2020-08-07,326.4425354003906,0.0007180148475178783
2020-08-10,327.41827392578125,0.002989005474405726
2020-08-11,324.7154846191406,-0.008254851735163937
2020-08-12,329.24285888671875,0.013942588148786017
2020-08-13,328.64764404296875,-0.0018078291683003567
2020-08-14,328.65740966796875,2.9714574794725834e-05
2020-08-17,329.701416015625,0.003176579370935073
2020-08-18,330.4136962890625,0.0021603797825477944
2020-08-19,329.0379638671875,-0.004163666450047621
2020-08-20,330.0624389648437,0.003113546794465627
2020-08-21,331.2333068847656,0.003547413403336863
2020-08-24,334.5897216796875,0.010133083615560201
2020-08-25,335.76055908203125,0.0034993226823165635
2020-08-26,339.1267395019531,0.010025538524015554
2020-08-27,339.8682861328125,0.0021866356865531955
2020-08-28,342.0636291503906,0.006459393556715209
2020-08-31,340.8244934082031,-0.0036225299522935073
2020-09-01,344.0345458984375,0.009418491195084755
2020-09-02,349.0106811523437,0.014464056918793267
2020-09-03,336.999755859375,-0.034414205471625436
2020-09-04,334.2481994628906,-0.008164861690975744
2020-09-08,325.1155700683594,-0.027322897802311674
2020-09-09,331.5357666015625,0.01974742868160151
2020-09-10,325.7790832519531,-0.01736368720822723
2020-09-11,325.9449768066406,0.0005092210126922403
2020-09-14,330.238037109375,0.013171119692638067
2020-09-15,331.9065246582031,0.005052378470489449
2020-09-16,330.58935546875,-0.003968494415135582
2020-09-17,327.68170166015625,-0.008795364280470896
2020-09-18,323.9091796875,-0.01151276361647069
2020-09-21,320.30419921875,-0.0111296026627834
2020-09-22,323.5663146972656,0.010184429322101396
2020-09-23,316.0625,-0.02319096381922925
2020-09-24,316.90496826171875,0.0026655116052007877
2020-09-25,322.0283508300781,0.016166936720689584
2020-09-28,327.3770751953125,0.01660948283418895
2020-09-29,325.5941162109375,-0.00544619376085298
2020-09-30,328.06280517578125,0.007582105578481713
2020-10-01,330.1689453125,0.0064199296704490205
2020-10-02,327.0341796875,-0.009494429047628872
2020-10-05,332.83349609375,0.017733059008668617
2020-10-06,328.1019592285156,-0.014215927545650708
2020-10-07,333.8131103515625,0.017406635231547618
2020-10-08,336.771484375,0.0088623661914351
2020-10-09,339.7789306640625,0.008930228444501198
2020-10-12,345.2452087402344,0.016087748776796085
2020-10-13,342.9920959472656,-0.006526123276815787
2020-10-14,340.8369140625,-0.006283473905757231
2020-10-15,340.41571044921875,-0.001235792239346556
2020-10-16,340.2099914550781,-0.0006043169801686066
2020-10-19,335.03759765625,-0.015203532902445915
2020-10-20,336.37969970703125,0.004005825197440194
2020-10-21,335.74298095703125,-0.0018928572400610522
2020-10-22,337.5846252441406,0.005485280084962074
2020-10-23,338.73077392578125,0.0033951447901743315
2020-10-26,332.4710388183594,-0.018479971674476348
2020-10-27,331.3248596191406,-0.0034474557642446557
2020-10-28,320.0005187988281,-0.03417896512000296
2020-10-29,323.2528686523437,0.010163576814574471
2020-10-30,319.88299560546875,-0.010424882108313827
2020-11-02,323.4684143066406,0.011208531714495873
2020-11-03,329.1795349121094,0.017655883396561656
2020-11-04,336.53643798828125,0.02234921158794445
2020-11-05,343.099853515625,0.019502837691448782
2020-11-06,343.0215148925781,-0.00022832601717592826
2020-11-09,347.331787109375,0.012565603117188351
2020-11-10,346.8223571777344,-0.0014666953919775239
2020-11-11,349.3987731933594,0.007428633022941611
2020-11-12,346.00927734375,-0.009700938038879725
2020-11-13,350.799560546875,0.013844377930843699
2020-11-16,355.1784973144531,0.01248273162244451
2020-11-17,353.2682189941406,-0.00537836140069381
2020-11-18,349.0166931152344,-0.01203483826258589
2020-11-19,350.4861145019531,0.004210175088197321
2020-11-20,348.0860595703125,-0.006847788920400277
2020-11-23,350.1726379394531,0.005994432445000308
2020-11-24,355.8152160644531,0.016113703681141622
2020-11-25,355.26666259765625,-0.0015416807433482616
2020-11-27,356.2560729980469,0.002784979578878133
2020-11-30,354.67889404296875,-0.004427093527993753
2020-12-01,358.5581359863281,0.010937335174191043
2020-12-02,359.3124389648437,0.002103711791229035
2020-12-03,359.2145080566406,-0.0002725508431747903
2020-12-04,362.31005859375,0.008617554323895105
2020-12-07,361.5655517578125,-0.0020548886741571515
2020-12-08,362.6235656738281,0.0029262022083462735
2020-12-09,359.3712158203125,-0.008968942345134456
2020-12-10,359.253662109375,-0.00032710942268754373
2020-12-11,358.8324279785156,-0.0011725256421495356
2020-12-14,357.2258605957031,-0.004477207904154845
2020-12-15,362.0553588867188,0.013519453163223227
2020-12-16,362.6235656738281,0.0015693920091570668
2020-12-17,364.6513366699219,0.005591944892841427
2020-12-18,363.1953125,-0.003992921521195014
2020-12-21,361.896728515625,-0.0035754425778140586
2020-12-22,361.2867736816406,-0.0016854389275254844
2020-12-23,361.6114196777344,0.0008985825658256452
2020-12-24,363.0182189941406,0.003890361973800438
2020-12-28,366.1368713378906,0.008590897592939628
2020-12-29,365.4383239746094,-0.0019078858699171919
2020-12-30,365.9597473144531,0.0014268436166535725
2020-12-31,367.8191223144531,0.005080818351320904
2021-01-04,362.8116455078125,-0.01361396540541926
2021-01-05,365.31048583984375,0.006887431434384528
2021-01-06,367.4944458007813,0.00597836647343053
2021-01-07,372.9544982910156,0.014857510236206961
2021-01-08,375.07952880859375,0.005697827824347579
2021-01-11,372.5511779785156,-0.006740839304424817
2021-01-12,372.6298522949219,0.00021117720478880386
2021-01-13,373.6333618164063,0.002693046505276131
2021-01-14,372.3248901367188,-0.0035020204655344944
2021-01-15,369.6096496582031,-0.007292664418751649
2021-01-19,372.5118103027344,0.007851961244017991
2021-01-20,377.6668701171875,0.013838647988807962
2021-01-21,378.01116943359375,0.0009116481842832425
2021-01-22,376.6732482910156,-0.003539369338167564
2021-01-25,378.1587524414063,0.0039437474180352705
2021-01-26,377.5684814453125,-0.0015609079316106778
2021-01-27,368.3405456542969,-0.024440429337988068
2021-01-28,371.5083312988281,0.008600154617527167
2021-01-29,364.0708923339844,-0.020019575170338033
2021-02-01,370.1310424804688,0.016645522270769986
2021-02-02,375.3647766113281,0.014140219355244898
2021-02-03,375.659912109375,0.0007862631670219056
2021-02-04,379.9295959472656,0.011365822384176827
2021-02-05,381.4249267578125,0.003935810283004271
2021-02-08,384.1795654296875,0.007221968147939295
2021-02-09,383.9237365722656,-0.0006659095913540414
2021-02-10,383.7565002441406,-0.00043559778204416144
2021-02-11,384.3762817382813,0.0016150384260498196
2021-02-12,386.2750244140625,0.004939801871214344
2021-02-16,385.9405212402344,-0.0008659715298330317
2021-02-17,386.0290832519531,0.00022947062265998852
2021-02-18,384.3861389160156,-0.004256011806408888
2021-02-19,383.7073669433594,-0.001765859649805357
2021-02-22,380.7559814453125,-0.00769176135855254
2021-02-23,381.2183227539063,0.0012142719513921207
2021-02-24,385.4190979003906,0.01101934218727485
2021-02-25,376.1321411132813,-0.024095735882578073
2021-02-26,374.1940612792969,-0.0051526567983477545
2021-03-01,383.26458740234375,0.02424016589690514
2021-03-02,380.2738952636719,-0.007803204984164869
2021-03-03,375.2369384765625,-0.013245602314134297
2021-03-04,370.5934448242188,-0.01237483087671476
2021-03-05,377.41107177734375,0.018396512535073795
2021-03-08,375.5320434570313,-0.004978731311361728
2021-03-09,380.8937072753906,0.014277513495257299
2021-03-10,383.26458740234375,0.006224519023725783
2021-03-11,387.1506042480469,0.010139253595124575
2021-03-12,387.6720275878906,0.001346823004077402
2021-03-15,389.98388671875,0.005963440656897134
2021-03-16,389.4920043945313,-0.0012612888403089606
2021-03-17,390.8201293945313,0.0034098902801986686
2021-03-18,385.13385009765625,-0.014549607016620114
2021-03-19,384.4212646484375,-0.0018502280415966244
2021-03-22,387.4907836914063,0.007984779525076258
2021-03-23,384.44091796875,-0.00787080841924026
2021-03-24,382.4866333007813,-0.005083446055363816
2021-03-25,384.6383666992188,0.005625643384890244
2021-03-26,390.8367919921875,0.01611494283880366
2021-03-29,390.6393432617188,-0.0005051948396727068
2021-03-30,389.60302734375,-0.0026528713398806802
2021-03-31,391.1821899414063,0.004053260593026575
2021-04-01,395.4066162109375,0.010799127307314249
2021-04-05,401.0819396972656,0.014353132329228746
2021-04-06,400.8450622558594,-0.0005905961300203266
2021-04-07,401.3089599609375,0.0011572992878281507
2021-04-08,403.2138671875,0.00474673485174093
2021-04-09,406.1453247070313,0.007270229915401494
2021-04-12,406.29339599609375,0.0003645771108389262
2021-04-13,407.4975280761719,0.002963700842653294
2021-04-14,406.1058349609375,-0.003415218545753329
2021-04-15,410.4684448242188,0.010742544154040301
2021-04-16,411.8403625488281,0.0033423220272068566
2021-04-19,409.8169860839844,-0.004913011566718084
2021-04-20,406.8165283203125,-0.007321457786176211
2021-04-21,410.6658325195313,0.009462015260569778
2021-04-22,406.9151916503906,-0.00913307261558538
2021-04-23,411.3271179199219,0.010842372956480384
2021-04-26,412.1858215332031,0.002087641626021819
2021-04-27,412.0970153808594,-0.00021545173973580578
2021-04-28,411.978515625,-0.0002875530553160255
2021-04-29,414.60400390625,0.006372876695443619
2021-04-30,411.8798522949219,-0.006570490361072601
2021-05-03,412.7681579589844,0.002156710650236926
2021-05-04,410.2217102050781,-0.0061691962056803495
2021-05-05,410.3500061035156,0.00031274770507239147
2021-05-06,413.6269226074219,0.007985662130292726
2021-05-07,416.6372680664063,0.007277924367224076
2021-05-10,412.5115356445313,-0.009902456496564294
2021-05-11,408.8299865722656,-0.008924717866406917
2021-05-12,400.1443176269531,-0.021245185604254146
2021-05-13,404.9510498046875,0.012012496406897943
2021-05-14,411.169189453125,0.015355287142573282
2021-05-17,410.12298583984375,-0.002544460139809468
2021-05-18,406.5894775390625,-0.008615728507743614
2021-05-19,405.5234680175781,-0.0026218325371737405
2021-05-20,409.8860778808594,0.010757971381059939
2021-05-21,409.550537109375,-0.0008186195862497359
2021-05-24,413.7255859375,0.010194221347120447
2021-05-25,412.8076477050781,-0.0022187127497610426
2021-05-26,413.6269226074219,0.0019846408052233144
2021-05-27,413.8440246582031,0.0005248740807601848
2021-05-28,414.5842590332031,0.0017886796254007464
2021-06-01,414.2190856933594,-0.0008808181494766032
2021-06-02,414.8704833984375,0.0015725922044074192
2021-06-03,413.3307800292969,-0.003711286849158446
2021-06-04,417.1110534667969,0.00914587932994504
2021-06-07,416.7063293457031,-0.0009703030349589303
2021-06-08,416.7951965332031,0.00021326094959861486
2021-06-09,416.1733703613281,-0.0014919225966306682
2021-06-10,418.10791015625,0.004648398798900333
2021-06-11,418.7987976074219,0.0016524142078864212
2021-06-14,419.7364807128906,0.0022389823247479512
2021-06-15,418.9666137695313,-0.0018341673376871537
2021-06-16,416.62738037109375,-0.005583340823725691
2021-06-17,416.48919677734375,-0.0003316718973844779
2021-06-18,410.87060546875,-0.013490365061251453
2021-06-21,416.7526245117188,0.01431598893831354
2021-06-22,418.9806518554688,0.005346162717896341
2021-06-23,418.47564697265625,-0.0012053179080612209
2021-06-24,420.95123291015625,0.005915722827382952
2021-06-25,422.4465026855469,0.0035521211448970025
2021-06-28,423.298095703125,0.0020158600252682124
2021-06-29,423.52587890625,0.0005381153504757652
2021-06-30,423.88232421875,0.0008416140081464185
2021-07-01,426.2292175292969,0.005536662362301659
2021-07-02,429.4871215820313,0.007643549336245448
2021-07-06,428.7048034667969,-0.0018215170512045908
2021-07-07,430.2198791503906,0.0035340767617759727
2021-07-08,426.7144470214844,-0.008148001286757967
2021-07-09,431.2695007324219,0.010674711725211727
2021-07-12,432.8143005371094,0.003581982500649783
2021-07-13,431.3388671875,-0.0034089292978036756
2021-07-14,431.98248291015625,0.0014921347729521806
2021-07-15,430.507080078125,-0.003415422824767922
2021-07-16,427.1303405761719,-0.007843632911543108
2021-07-19,420.822509765625,-0.014767929625504994
2021-07-20,426.8530578613281,0.014330383845345684
2021-07-21,430.3089904785156,0.008096305165301798
2021-07-22,431.2100830078125,0.002094059267260029
2021-07-23,435.64642333984375,0.010288118267287594
2021-07-26,436.7158203125,0.0024547360321653944
2021-07-27,434.7254943847656,-0.004557485291717067
2021-07-28,434.5472106933594,-0.00041010636300164993
2021-07-29,436.3494873046875,0.004147481716549217
2021-07-30,434.2303771972656,-0.004856451466258238
2021-08-02,433.3193359375,-0.0020980597111743826
2021-08-03,436.8446044921875,0.008135497916474055
2021-08-04,434.6957702636719,-0.004918989971304688
2021-08-05,437.4486389160156,0.006332862752894908
2021-08-06,438.1715087890625,0.0016524679899292405
2021-08-09,437.8150634765625,-0.0008134835454844946
2021-08-10,438.3596496582031,0.001243872646400579
2021-08-11,439.4489440917969,0.002484933169471848
2021-08-12,440.7659301757813,0.0029969035122070498
2021-08-13,441.5680541992188,0.0018198412547847376
2021-08-16,442.6077880859375,0.002354640189277779
2021-08-17,439.7063903808594,-0.00655523418967674
2021-08-18,434.893798828125,-0.010945011621427359
2021-08-19,435.5671691894531,0.0015483558587006119
2021-08-20,439.0330200195313,0.007957098411544239
2021-08-23,442.8949890136719,0.008796534242387466
2021-08-24,443.5980224609375,0.001587359226689955
2021-08-25,444.5288696289063,0.002098402429309143
2021-08-26,441.90472412109375,-0.0059032060392459895
2021-08-27,445.8558044433594,0.008941023045462959
2021-08-30,447.8164978027344,0.004397595231092399
2021-08-31,447.1530151367188,-0.0014815949597012379
2021-09-01,447.3906555175781,0.0005314520372554643
2021-09-02,448.76708984375,0.0030765826447123334
2021-09-03,448.65814208984375,-0.00024277126458671638
2021-09-07,447.053955078125,-0.003575521897911993
2021-09-08,446.5093688964844,-0.0012181665668196118
2021-09-09,444.5981750488281,-0.004280299543052424
2021-09-10,441.0927429199219,-0.00788449509159872
2021-09-13,442.2215881347656,0.0025592015125233125
2021-09-14,439.8351440429688,-0.005396489352459066
2021-09-15,443.5089111328125,0.00835260014939787
2021-09-16,442.8058471679688,-0.0015852307522929987
2021-09-17,438.4924621582031,-0.009741029928472256
2021-09-20,431.1809692382813,-0.016674158739093503
2021-09-21,430.7736511230469,-0.0009446569869583366
2021-09-22,434.9757690429688,0.009754816500421537
2021-09-23,440.2607116699219,0.012149970189330173
2021-09-24,440.9859313964844,0.0016472506116016472
2021-09-27,439.7243041992188,-0.002860923914897562
2021-09-28,430.863037109375,-0.020151870172336883
2021-09-29,431.5882568359375,0.0016831792567493231
2021-09-30,426.313232421875,-0.012222353899836835
2021-10-01,431.3796081542969,0.011884162505676699
2021-10-04,425.8165283203125,-0.01289601948916086
2021-10-05,430.24713134765625,0.010404957846095853
2021-10-06,432.0352478027344,0.004156021794909481
2021-10-07,435.7705078125,0.008645729784230838
2021-10-08,434.9757690429688,-0.001823755291565421
2021-10-11,431.82666015625,-0.007239734051502356
2021-10-12,430.7637023925781,-0.002461538070130387
2021-10-13,432.31341552734375,0.0035975945191251135
2021-10-14,439.585205078125,0.016820642824398657
2021-10-15,442.9330139160156,0.007615836018174615
2021-10-18,444.2443237304688,0.0029605149610767434
2021-10-19,447.6716003417969,0.0077148461516582945
2021-10-20,449.429931640625,0.003927725809467653
2021-10-21,450.6021728515625,0.0026082846922506064
2021-10-22,450.13525390625,-0.0010362110381263445
2021-10-25,452.54925537109375,0.005362835823000234
2021-10-26,452.95654296875,0.0008999851238784551
2021-10-27,450.9498596191406,-0.004430189564008202
2021-10-28,455.301025390625,0.009648890400274723
2021-10-29,456.2248840332031,0.0020291161035395078
2021-11-01,457.0096740722656,0.0017201824506472008
2021-11-02,458.857421875,0.004043126234658745
2021-11-03,461.6588439941406,0.0061052126119991446
2021-11-04,463.8344421386719,0.004712566807360652
2021-11-05,465.4437255859375,0.003469521236597828
2021-11-08,465.8411254882813,0.0008538087001679351
2021-11-09,464.3013305664063,-0.0033054078689618294
2021-11-10,460.5661010742188,-0.008044839086786326
2021-11-11,460.715087890625,0.00032348628363809695
2021-11-12,464.1920166015625,0.007546808868050148
2021-11-15,464.3509826660156,0.0003424575580099898
2021-11-16,466.1888122558594,0.003957845807264215
2021-11-17,465.0563354492188,-0.0024292234752708586
2021-11-18,466.6358642578125,0.0033964246655577846
2021-11-19,465.8013916015625,-0.0017882737272610916
2021-11-22,464.4900817871094,-0.002815169379259408
2021-11-23,465.1059875488281,0.001325982590089092
2021-11-24,466.3477478027344,0.0026698436209142695
2021-11-26,455.9467468261719,-0.02230310112050149
2021-11-29,461.5396423339844,0.012266554256049389
2021-11-30,452.5592041015625,-0.019457566390198244
2021-12-01,447.5325012207031,-0.011107282395987461
2021-12-02,454.3870544433594,0.015316324968487338
2021-12-03,450.4332885742188,-0.008701317149063748
2021-12-06,455.7679138183594,0.011843319264938312
2021-12-07,465.1954040527344,0.020684848469021855
2021-12-08,466.4272155761719,0.0026479443105114076
2021-12-09,463.2781372070313,-0.006751489329906546
2021-12-10,467.6391906738281,0.00941346702239887
2021-12-13,463.4966430664063,-0.008858426945467901
2021-12-14,460.3078002929688,-0.006879969512488149
2021-12-15,467.5001220703125,0.015625026933643094
2021-12-16,463.3774719238281,-0.008818500684507513
2021-12-17,458.4457702636719,-0.010642946537044784
2021-12-20,453.5709533691406,-0.010633355591278648
2021-12-21,461.62591552734375,0.017758990293295085
2021-12-22,466.2415771484375,0.009998705587880519
2021-12-23,469.1425476074219,0.00622203295709256
2021-12-27,475.7819213867188,0.014152145895010015
2021-12-28,475.3931274414063,-0.0008171683871033286
2021-12-29,476.0012512207031,0.0012792018735521271
2021-12-30,474.6853332519531,-0.002764526280919055
2021-12-31,473.4890441894531,-0.0025201727938475305
